1,aligned-images/benji-lewis/benji-lewis-0.png
1,aligned-images/benji-lewis/benji-lewis-3.png
1,aligned-images/benji-lewis/benji-lewis-1.png
1,aligned-images/benji-lewis/benji-lewis-2.png
1,aligned-images/benji-lewis/benji-lewis-4.png
1,aligned-images/benji-lewis/benji-lewis-5.png
2,aligned-images/brandon-joffe/brandon-joffe-22.png
2,aligned-images/brandon-joffe/brandon-7.png
2,aligned-images/brandon-joffe/brandon-joffe-34.png
2,aligned-images/brandon-joffe/brandon-joffe-24.png
2,aligned-images/brandon-joffe/brandon-3.png
2,aligned-images/brandon-joffe/brandon-joffe-48.png
2,aligned-images/brandon-joffe/brandon-joffe-56.png
2,aligned-images/brandon-joffe/brandon.png
2,aligned-images/brandon-joffe/brandon-joffe-19.png
2,aligned-images/brandon-joffe/brandon-joffe-13.png
2,aligned-images/brandon-joffe/brandon-joffe-36.png
2,aligned-images/brandon-joffe/brandon-joffe-31.png
2,aligned-images/brandon-joffe/brandon-joffe-39.png
2,aligned-images/brandon-joffe/brandon-joffe-40.png
2,aligned-images/brandon-joffe/brandon-joffe-51.png
2,aligned-images/brandon-joffe/brandon-joffe-44.png
2,aligned-images/brandon-joffe/brandon-joffe-54.png
2,aligned-images/brandon-joffe/brandon-joffe-15.png
2,aligned-images/brandon-joffe/brandon-joffe-30.png
2,aligned-images/brandon-joffe/brandon-joffe-43.png
2,aligned-images/brandon-joffe/brandon-joffe-11.png
2,aligned-images/brandon-joffe/brandon-joffe-50.png
2,aligned-images/brandon-joffe/brandon-joffe-16.png
2,aligned-images/brandon-joffe/brandon-joffe-20.png
2,aligned-images/brandon-joffe/brandon-joffe-26.png
2,aligned-images/brandon-joffe/brandon-joffe-45.png
2,aligned-images/brandon-joffe/brandon-joffe-37.png
2,aligned-images/brandon-joffe/brandon-joffe-17.png
2,aligned-images/brandon-joffe/brandon-joffe-14.png
2,aligned-images/brandon-joffe/brandon-joffe-52.png
2,aligned-images/brandon-joffe/brandon-joffe-60.png
2,aligned-images/brandon-joffe/brandon-10.png
2,aligned-images/brandon-joffe/brandon-joffe-47.png
2,aligned-images/brandon-joffe/brandon-joffe-57.png
2,aligned-images/brandon-joffe/brandon-joffe-28.png
2,aligned-images/brandon-joffe/brandon-joffe-21.png
2,aligned-images/brandon-joffe/brandon-joffe-59.png
2,aligned-images/brandon-joffe/brandon-joffe-29.png
2,aligned-images/brandon-joffe/brandon-6.png
2,aligned-images/brandon-joffe/brandon-joffe-18.png
2,aligned-images/brandon-joffe/brandon-joffe-12.png
2,aligned-images/brandon-joffe/brandon-4.png
2,aligned-images/brandon-joffe/brandon-joffe-32.png
2,aligned-images/brandon-joffe/brandon-joffe-23.png
2,aligned-images/brandon-joffe/brandon-joffe-25.png
2,aligned-images/brandon-joffe/brandon-joffe-41.png
2,aligned-images/brandon-joffe/brandon-joffe-46.png
2,aligned-images/brandon-joffe/brandon-1.png
2,aligned-images/brandon-joffe/brandon-8.png
2,aligned-images/brandon-joffe/brandon-9.png
2,aligned-images/brandon-joffe/brandon-5.png
2,aligned-images/brandon-joffe/brandon-joffe-27.png
2,aligned-images/brandon-joffe/brandon-joffe-61.png
2,aligned-images/brandon-joffe/brandon-joffe-49.png
2,aligned-images/brandon-joffe/brandon-2.png
2,aligned-images/brandon-joffe/brandon-joffe-62.png
2,aligned-images/brandon-joffe/brandon-joffe-55.png
2,aligned-images/brandon-joffe/brandon-joffe-58.png
2,aligned-images/brandon-joffe/brandon-joffe-42.png
2,aligned-images/brandon-joffe/brandon-joffe-38.png
2,aligned-images/brandon-joffe/brandon-joffe-35.png
2,aligned-images/brandon-joffe/brandon-joffe-53.png
2,aligned-images/brandon-joffe/brandon-joffe-33.png
3,aligned-images/michelle-joffe/michelle-joffe-5.png
3,aligned-images/michelle-joffe/michelle-joffe-6.png
3,aligned-images/michelle-joffe/michelle-joffe-3.png
3,aligned-images/michelle-joffe/michelle-joffe-4.png
3,aligned-images/michelle-joffe/michelle-joffe-1.png
3,aligned-images/michelle-joffe/michelle-joffe-7.png
3,aligned-images/michelle-joffe/michelle-joffe-2.png
3,aligned-images/michelle-joffe/michelle-joffe-0.png
4,aligned-images/robbie-katz/robbie-katz-0.png
4,aligned-images/robbie-katz/robbie-katz-3.png
4,aligned-images/robbie-katz/robbie-katz-2.png
4,aligned-images/robbie-katz/robbie-katz-11.png
4,aligned-images/robbie-katz/robbie-katz-5.png
4,aligned-images/robbie-katz/robbie-katz-4.png
4,aligned-images/robbie-katz/robbie-katz-7.png
4,aligned-images/robbie-katz/robbie-katz-6.png
4,aligned-images/robbie-katz/robbie-katz-1.png
4,aligned-images/robbie-katz/robbie-1.png
4,aligned-images/robbie-katz/robbie-2.png
5,aligned-images/ross-macarthur/ross-macarthur-0.png
6,aligned-images/ryan-joffe/ryan-joffe-0.png
7,aligned-images/surelda-davids/surelda-davids-3.png
7,aligned-images/surelda-davids/surelda-davids-2.png
7,aligned-images/surelda-davids/surelda-davids-1.png
7,aligned-images/surelda-davids/surelda-davids-0.png
8,aligned-images/unknown-1/clapton-1.png
8,aligned-images/unknown-1/clapton-2.png
9,aligned-images/unknown-10/7-07.png
9,aligned-images/unknown-10/7-06.png
9,aligned-images/unknown-10/7-05.png
9,aligned-images/unknown-10/7-08.png
9,aligned-images/unknown-10/7-13.png
9,aligned-images/unknown-10/7-10.png
9,aligned-images/unknown-10/7-11.png
9,aligned-images/unknown-10/7-09.png
9,aligned-images/unknown-10/7-03.png
9,aligned-images/unknown-10/7-12.png
9,aligned-images/unknown-10/7-04.png
9,aligned-images/unknown-10/7-14.png
9,aligned-images/unknown-10/7-01.png
9,aligned-images/unknown-10/7-02.png
10,aligned-images/unknown-11/12-14.png
10,aligned-images/unknown-11/12-06.png
10,aligned-images/unknown-11/12-05.png
10,aligned-images/unknown-11/12-09.png
10,aligned-images/unknown-11/12-11.png
10,aligned-images/unknown-11/12-03.png
10,aligned-images/unknown-11/12-08.png
10,aligned-images/unknown-11/12-12.png
10,aligned-images/unknown-11/12-04.png
10,aligned-images/unknown-11/12-13.png
10,aligned-images/unknown-11/12-07.png
10,aligned-images/unknown-11/12-10.png
10,aligned-images/unknown-11/12-01.png
10,aligned-images/unknown-11/12-02.png
11,aligned-images/unknown-12/15-03.png
11,aligned-images/unknown-12/15-14.png
11,aligned-images/unknown-12/15-05.png
11,aligned-images/unknown-12/15-04.png
11,aligned-images/unknown-12/15-01.png
11,aligned-images/unknown-12/15-02.png
11,aligned-images/unknown-12/15-11.png
11,aligned-images/unknown-12/15-12.png
11,aligned-images/unknown-12/15-13.png
11,aligned-images/unknown-12/15-08.png
11,aligned-images/unknown-12/15-09.png
11,aligned-images/unknown-12/15-10.png
11,aligned-images/unknown-12/15-06.png
11,aligned-images/unknown-12/15-07.png
12,aligned-images/unknown-2/lennon-1.png
12,aligned-images/unknown-2/lennon-2.png
13,aligned-images/unknown-3/person-1.png
13,aligned-images/unknown-3/person-5.png
13,aligned-images/unknown-3/person-3.png
13,aligned-images/unknown-3/person-2.png
13,aligned-images/unknown-3/person-7.png
13,aligned-images/unknown-3/person-4.png
13,aligned-images/unknown-3/person-9.png
13,aligned-images/unknown-3/person-8.png
13,aligned-images/unknown-3/person-6.png
13,aligned-images/unknown-3/person-10.png
13,aligned-images/unknown-3/person-12.png
13,aligned-images/unknown-3/person-11.png
14,aligned-images/unknown-4/2-14.png
14,aligned-images/unknown-4/2-06.png
14,aligned-images/unknown-4/2-04.png
14,aligned-images/unknown-4/2-01.png
14,aligned-images/unknown-4/2-07.png
14,aligned-images/unknown-4/2-12.png
14,aligned-images/unknown-4/2-09.png
14,aligned-images/unknown-4/2-10.png
14,aligned-images/unknown-4/2-03.png
14,aligned-images/unknown-4/2-08.png
14,aligned-images/unknown-4/2-05.png
14,aligned-images/unknown-4/2-13.png
14,aligned-images/unknown-4/2-11.png
14,aligned-images/unknown-4/2-02.png
15,aligned-images/unknown-5/3-11.png
15,aligned-images/unknown-5/3-13.png
15,aligned-images/unknown-5/3-12.png
15,aligned-images/unknown-5/3-02.png
15,aligned-images/unknown-5/3-09.png
15,aligned-images/unknown-5/3-08.png
15,aligned-images/unknown-5/3-10.png
15,aligned-images/unknown-5/3-04.png
15,aligned-images/unknown-5/3-01.png
15,aligned-images/unknown-5/3-05.png
15,aligned-images/unknown-5/3-06.png
15,aligned-images/unknown-5/3-03.png
15,aligned-images/unknown-5/3-07.png
15,aligned-images/unknown-5/3-14.png
16,aligned-images/unknown-6/4-02.png
16,aligned-images/unknown-6/4-09.png
16,aligned-images/unknown-6/4-05.png
16,aligned-images/unknown-6/4-14.png
16,aligned-images/unknown-6/4-08.png
16,aligned-images/unknown-6/4-11.png
16,aligned-images/unknown-6/4-04.png
16,aligned-images/unknown-6/4-03.png
16,aligned-images/unknown-6/4-12.png
16,aligned-images/unknown-6/4-07.png
16,aligned-images/unknown-6/4-06.png
16,aligned-images/unknown-6/4-13.png
17,aligned-images/unknown-7/5-13.png
17,aligned-images/unknown-7/5-05.png
17,aligned-images/unknown-7/5-12.png
17,aligned-images/unknown-7/5-01.png
17,aligned-images/unknown-7/5-06.png
17,aligned-images/unknown-7/5-07.png
17,aligned-images/unknown-7/5-11.png
17,aligned-images/unknown-7/5-02.png
17,aligned-images/unknown-7/5-04.png
17,aligned-images/unknown-7/5-14.png
17,aligned-images/unknown-7/5-03.png
17,aligned-images/unknown-7/5-08.png
17,aligned-images/unknown-7/5-09.png
18,aligned-images/unknown-8/6-02.png
18,aligned-images/unknown-8/6-08.png
18,aligned-images/unknown-8/6-12.png
18,aligned-images/unknown-8/6-03.png
18,aligned-images/unknown-8/6-14.png
18,aligned-images/unknown-8/6-05.png
18,aligned-images/unknown-8/6-06.png
18,aligned-images/unknown-8/6-09.png
18,aligned-images/unknown-8/6-04.png
18,aligned-images/unknown-8/6-13.png
18,aligned-images/unknown-8/6-07.png
18,aligned-images/unknown-8/6-01.png
18,aligned-images/unknown-8/6-11.png
19,aligned-images/unknown-9/11-01.png
19,aligned-images/unknown-9/11-02.png
19,aligned-images/unknown-9/11-14.png
19,aligned-images/unknown-9/11-12.png
19,aligned-images/unknown-9/11-03.png
19,aligned-images/unknown-9/11-09.png
19,aligned-images/unknown-9/11-10.png
19,aligned-images/unknown-9/11-08.png
19,aligned-images/unknown-9/11-13.png
19,aligned-images/unknown-9/11-04.png
19,aligned-images/unknown-9/11-06.png
19,aligned-images/unknown-9/11-07.png
19,aligned-images/unknown-9/11-05.png
19,aligned-images/unknown-9/11-11.png
